<?xml version="1.0" encoding="UTF-8"?>
<style-scheme version="1.0" name="Dark">
    <style name="Text" foreground="#B4B4B4" background="#272727"/>
    <style name="Link" foreground="#8888ff"/>
    <style name="Selection" foreground="#eff0f1" background="#0d3e59"/>
    <style name="LineNumber" foreground="#6272a4"/>
    <style name="SearchResult" background="#3f82a6"/>
    <style name="SearchScope" background="#2d5c76"/>
    <style name="Parentheses" foreground="#ff0000" background="#b4eeb4"/>
    <style name="ParenthesesMismatch" background="#ff00ff"/>
    <style name="AutoComplete" foreground="#000080" background="#c0c0ff"/>
    <style name="CurrentLine" background="#303030"/>
    <style name="CurrentLineNumber" foreground="#808080" bold="true"/>
    <style name="Occurrences" background="#b4b4b4"/>
    <style name="Occurrences.Unused" underlineColor="#808000" underlineStyle="SingleUnderline"/>
    <style name="Occurrences.Rename" background="#ff6464"/>
    <style name="Number" foreground="#a0a0ff"/>
    <style name="String" foreground="#a0ffa0"/>
    <style name="Type" foreground="#ffa0ff"/>
    <style name="Local" foreground="#092e64"/>
    <style name="Global" foreground="#ce5c00"/>
    <style name="Field" foreground="#800000"/>
    <style name="Static" foreground="#800080"/>
    <style name="VirtualMethod" foreground="#00677c" background="#272727" italic="true"/>
    <style name="Function" foreground="#a0c7fc" background="#272727"/>
    <style name="Keyword" foreground="#ffffa0"/>
    <style name="PrimitiveType" foreground="#ffffa0"/>
    <style name="Operator"/>
    <style name="Overloaded Operator"/>
    <style name="Preprocessor" foreground="#a0a0ff"/>
    <style name="Label" foreground="#ffa0a0"/>
    <style name="Comment" foreground="#a0cca0"/>
    <style name="Doxygen.Comment" foreground="#a0a0ff"/>
    <style name="Doxygen.Tag" foreground="#a0a0ff"/>
    <style name="VisualWhitespace" foreground="#303030"/>
    <style name="QmlLocalId" foreground="#B4B4B4" background="#272727" italic="true"/>
    <style name="QmlExternalId" foreground="#a0a0ff" background="#272727" italic="true"/>
    <style name="QmlTypeId" foreground="#ffa0ff"/>
    <style name="QmlRootObjectProperty" foreground="#B4B4B4" background="#272727" italic="true"/>
    <style name="QmlScopeObjectProperty" foreground="#B4B4B4" background="#272727" italic="true"/>
    <style name="QmlExternalObjectProperty" foreground="#a0a0ff" background="#272727" italic="true"/>
    <style name="JsScopeVar" foreground="#2985c7" background="#272727" italic="true"/>
    <style name="JsImportVar" foreground="#a0b5ff" background="#272727" italic="true"/>
    <style name="JsGlobalVar" foreground="#a0b5ff" background="#272727" italic="true"/>
    <style name="QmlStateName" foreground="#B4B4B4" background="#272727" italic="true"/>
    <style name="Binding" foreground="#800000"/>
    <style name="DisabledCode" background="#efefef"/>
    <style name="AddedLine" foreground="#00aa00"/>
    <style name="RemovedLine" foreground="#ff0000"/>
    <style name="DiffFile" foreground="#a0a0ff"/>
    <style name="DiffLocation" foreground="#0000ff"/>
    <style name="DiffFileLine" background="#ffffa0"/>
    <style name="DiffContextLine" background="#afd7e7"/>
    <style name="DiffSourceLine" background="#ffdfdf"/>
    <style name="DiffSourceChar" background="#ffafaf"/>
    <style name="DiffDestLine" background="#dfffdf"/>
    <style name="DiffDestChar" background="#afffaf"/>
    <style name="LogChangeLine" foreground="#c00000"/>
    <style name="Warning" underlineColor="#ffbe00" underlineStyle="SingleUnderline"/>
    <style name="WarningContext" underlineColor="#ffbe00" underlineStyle="DotLine"/>
    <style name="Error" underlineColor="#ff0000" underlineStyle="SingleUnderline"/>
    <style name="ErrorContext" underlineColor="#ff0000" underlineStyle="DotLine"/>
    <style name="Declaration" bold="true"/>
    <style name="FunctionDefinition"/>
    <style name="OutputArgument" italic="true"/>
    <style name="HighlightedBlock" background="#276727"/>
</style-scheme>
