{
  "signedContributors": [
    {
      "name": "Jfriesen222",
      "id": 6923970,
      "comment_id": 955241345,
      "created_at": "2021-10-30T14:18:39Z",
      "repoId": 102395117,
      "pullRequestNo": 174
    },
    {
      "name": "kubark42",
      "id": 1118185,
      "comment_id": 962214457,
      "created_at": "2021-11-05T20:55:23Z",
      "repoId": 102395117,
      "pullRequestNo": 177
    },
    {
      "name": "Mitchlol",
      "id": 146864,
      "comment_id": 970150509,
      "created_at": "2021-11-16T10:51:51Z",
      "repoId": 102395117,
      "pullRequestNo": 185
    },
    {
      "name": "manoukianv",
      "id": 10980775,
      "comment_id": 1005773646,
      "created_at": "2022-01-05T15:14:58Z",
      "repoId": 102395117,
      "pullRequestNo": 200
    },
    {
      "name": "jaykup26",
      "id": 628881,
      "comment_id": 1029608426,
      "created_at": "2022-02-04T03:42:03Z",
      "repoId": 102395117,
      "pullRequestNo": 207
    },
    {
      "name": "vedderb",
      "id": 2311760,
      "comment_id": 1078180028,
      "created_at": "2022-03-24T20:20:57Z",
      "repoId": 102395117,
      "pullRequestNo": 212
    },
    {
      "name": "nitrousnrg",
      "id": 309472,
      "comment_id": 1101731749,
      "created_at": "2022-04-18T20:24:04Z",
      "repoId": 102395117,
      "pullRequestNo": 220
    },
    {
      "name": "surfdado",
      "id": 74502616,
      "comment_id": 1136384667,
      "created_at": "2022-05-24T20:10:09Z",
      "repoId": 102395117,
      "pullRequestNo": 232
    },
    {
      "name": "lukaspfitscher",
      "id": 75246068,
      "comment_id": 1184810641,
      "created_at": "2022-07-14T19:20:28Z",
      "repoId": 102395117,
      "pullRequestNo": 235
    },
    {
      "name": "ZachOB",
      "id": 109545859,
      "comment_id": 1190505856,
      "created_at": "2022-07-20T16:37:12Z",
      "repoId": 102395117,
      "pullRequestNo": 237
    },
    {
      "name": "svenssonjoel",
      "id": 598672,
      "comment_id": 1272302560,
      "created_at": "2022-10-08T11:58:44Z",
      "repoId": 102395117,
      "pullRequestNo": 250
    },
    {
      "name": "Teslafly",
      "id": 2079881,
      "comment_id": 1305235157,
      "created_at": "2022-11-07T08:15:29Z",
      "repoId": 102395117,
      "pullRequestNo": 257
    },
    {
      "name": "TechAUmNu",
      "id": 6648855,
      "comment_id": 1307186645,
      "created_at": "2022-11-08T13:05:56Z",
      "repoId": 102395117,
      "pullRequestNo": 259
    },
    {
      "name": "p0wdrdotcom",
      "id": 7693248,
      "comment_id": 1325626932,
      "created_at": "2022-11-23T20:32:37Z",
      "repoId": 102395117,
      "pullRequestNo": 268
    },
    {
      "name": "totosolat",
      "id": 4713466,
      "comment_id": 1335032268,
      "created_at": "2022-12-02T10:16:03Z",
      "repoId": 102395117,
      "pullRequestNo": 275
    },
    {
      "name": "Rampagy",
      "id": 32419459,
      "comment_id": 1436199665,
      "created_at": "2023-02-20T02:10:27Z",
      "repoId": 102395117,
      "pullRequestNo": 300
    },
    {
      "name": "EnnoidMe",
      "id": 34245795,
      "comment_id": 1604313025,
      "created_at": "2023-06-23T13:49:08Z",
      "repoId": 102395117,
      "pullRequestNo": 323
    }
  ]
}